{"cameraMode":{"drawMode":0,"name":"Shaded","section":"Shading Mode"},"sceneLighting":true,"audioPlay":false,"sceneViewState":{"m_AlwaysRefresh":true,"showFog":true,"showSkybox":true,"showFlares":true,"showImageEffects":true,"showParticleSystems":true,"showVisualEffectGraphs":true,"m_FxEnabled":false},"in2DMode":false,"pivot":{"x":38.14087677001953,"y":-41.738494873046878,"z":264.9966125488281},"rotation":{"x":0.19872239232063294,"y":0.05876905471086502,"z":-0.011952823959290982,"w":0.978333592414856},"size":142.24063110351563,"orthographic":false}